instance_index,tempo_original,tempo_relaxado,tempo_relaxado_global,len_original,len_relaxado,len_relaxado_global,delta,explanation,explanation_relaxed,explanation_relaxed_global
0,32.85083508491516,1.0396332740783691,0.9926872253417968,47,32,33,0.9,"[(0, 5), (0, 7), (1, 0), (1, 3), (1, 4), (1, 7), (2, 0), (2, 1), (2, 2), (2, 3), (2, 4), (2, 5), (2, 6), (2, 7), (3, 1), (3, 2), (3, 3), (3, 4), (3, 5), (3, 6), (3, 7), (4, 1), (4, 2), (4, 3), (4, 4), (4, 5), (4, 6), (5, 0), (5, 1), (5, 2), (5, 3), (5, 4), (5, 5), (5, 7), (6, 0), (6, 1), (6, 3), (6, 4), (6, 5), (6, 7), (7, 0), (7, 2), (7, 3), (7, 4), (7, 5), (7, 6), (7, 7)]","[(0, 5), (1, 2), (1, 3), (1, 4), (1, 5), (2, 2), (2, 3), (2, 5), (3, 1), (3, 2), (3, 3), (3, 5), (3, 6), (3, 7), (4, 3), (4, 4), (4, 6), (5, 0), (5, 2), (5, 4), (5, 5), (6, 0), (6, 1), (6, 2), (6, 3), (6, 4), (6, 5), (6, 7), (7, 2), (7, 3), (7, 4), (7, 5)]","[(0, 5), (0, 7), (1, 3), (1, 4), (1, 5), (2, 2), (2, 3), (2, 4), (2, 5), (3, 1), (3, 2), (3, 3), (3, 5), (3, 6), (3, 7), (4, 3), (4, 4), (4, 5), (4, 6), (5, 0), (5, 2), (5, 4), (5, 5), (6, 1), (6, 2), (6, 3), (6, 4), (6, 5), (6, 7), (7, 2), (7, 3), (7, 4), (7, 5)]"
1,47.07268571853638,0.9163014888763428,1.0631895065307615,48,64,64,0.9,"[(0, 4), (0, 5), (0, 6), (1, 2), (1, 3), (1, 4), (1, 5), (1, 6), (2, 0), (2, 1), (2, 2), (2, 3), (2, 5), (2, 6), (3, 0), (3, 1), (3, 2), (3, 3), (3, 5), (3, 6), (3, 7), (4, 1), (4, 2), (4, 3), (4, 4), (4, 5), (4, 6), (5, 0), (5, 1), (5, 2), (5, 3), (5, 4), (5, 5), (5, 6), (5, 7), (6, 0), (6, 2), (6, 3), (6, 4), (6, 5), (6, 6), (7, 0), (7, 1), (7, 2), (7, 3), (7, 5), (7, 6), (7, 7)]","[(0, 0), (0, 1), (0, 2), (0, 3), (0, 4), (0, 5), (0, 6), (0, 7), (1, 0), (1, 1), (1, 2), (1, 3), (1, 4), (1, 5), (1, 6), (1, 7), (2, 0), (2, 1), (2, 2), (2, 3), (2, 4), (2, 5), (2, 6), (2, 7), (3, 0), (3, 1), (3, 2), (3, 3), (3, 4), (3, 5), (3, 6), (3, 7), (4, 0), (4, 1), (4, 2), (4, 3), (4, 4), (4, 5), (4, 6), (4, 7), (5, 0), (5, 1), (5, 2), (5, 3), (5, 4), (5, 5), (5, 6), (5, 7), (6, 0), (6, 1), (6, 2), (6, 3), (6, 4), (6, 5), (6, 6), (6, 7), (7, 0), (7, 1), (7, 2), (7, 3), (7, 4), (7, 5), (7, 6), (7, 7)]","[(0, 0), (0, 1), (0, 2), (0, 3), (0, 4), (0, 5), (0, 6), (0, 7), (1, 0), (1, 1), (1, 2), (1, 3), (1, 4), (1, 5), (1, 6), (1, 7), (2, 0), (2, 1), (2, 2), (2, 3), (2, 4), (2, 5), (2, 6), (2, 7), (3, 0), (3, 1), (3, 2), (3, 3), (3, 4), (3, 5), (3, 6), (3, 7), (4, 0), (4, 1), (4, 2), (4, 3), (4, 4), (4, 5), (4, 6), (4, 7), (5, 0), (5, 1), (5, 2), (5, 3), (5, 4), (5, 5), (5, 6), (5, 7), (6, 0), (6, 1), (6, 2), (6, 3), (6, 4), (6, 5), (6, 6), (6, 7), (7, 0), (7, 1), (7, 2), (7, 3), (7, 4), (7, 5), (7, 6), (7, 7)]"
2,75.04051065444946,1.260298252105713,2.1296868324279785,42,22,26,0.9,"[(1, 1), (1, 2), (1, 5), (1, 6), (1, 7), (2, 2), (2, 3), (2, 4), (2, 5), (2, 7), (3, 0), (3, 1), (3, 2), (3, 3), (3, 4), (3, 5), (3, 6), (4, 2), (4, 3), (4, 4), (4, 5), (4, 6), (5, 1), (5, 2), (5, 3), (5, 4), (5, 5), (5, 6), (5, 7), (6, 0), (6, 1), (6, 2), (6, 3), (6, 4), (6, 5), (7, 0), (7, 1), (7, 2), (7, 3), (7, 4), (7, 5), (7, 6)]","[(2, 2), (2, 3), (2, 4), (2, 5), (3, 1), (3, 5), (4, 2), (4, 3), (4, 4), (5, 0), (5, 1), (5, 2), (5, 3), (5, 4), (5, 5), (6, 2), (6, 3), (6, 4), (6, 5), (7, 3), (7, 4), (7, 5)]","[(2, 1), (2, 2), (2, 3), (2, 4), (2, 5), (3, 0), (3, 1), (3, 2), (3, 5), (4, 2), (4, 3), (4, 4), (5, 0), (5, 1), (5, 2), (5, 3), (5, 4), (5, 5), (6, 2), (6, 3), (6, 4), (6, 5), (7, 2), (7, 3), (7, 4), (7, 5)]"
3,80.3635926246643,1.0882821083068848,1.0560147762298584,47,41,42,0.9,"[(0, 5), (0, 7), (1, 0), (1, 1), (1, 2), (1, 4), (1, 7), (2, 0), (2, 1), (2, 2), (2, 3), (2, 5), (2, 6), (2, 7), (3, 1), (3, 2), (3, 3), (3, 4), (3, 5), (3, 6), (3, 7), (4, 1), (4, 2), (4, 3), (4, 4), (4, 5), (4, 6), (5, 0), (5, 1), (5, 2), (5, 3), (5, 4), (5, 5), (5, 6), (5, 7), (6, 1), (6, 2), (6, 3), (6, 4), (6, 5), (6, 6), (6, 7), (7, 2), (7, 3), (7, 5), (7, 6), (7, 7)]","[(0, 3), (0, 4), (0, 5), (0, 7), (1, 1), (1, 2), (1, 4), (1, 5), (2, 2), (2, 3), (2, 4), (3, 1), (3, 2), (3, 3), (3, 4), (3, 5), (3, 6), (3, 7), (4, 1), (4, 3), (4, 4), (4, 6), (5, 0), (5, 1), (5, 3), (5, 4), (5, 5), (5, 6), (5, 7), (6, 0), (6, 1), (6, 2), (6, 3), (6, 4), (6, 5), (6, 6), (6, 7), (7, 2), (7, 3), (7, 4), (7, 5)]","[(0, 3), (0, 4), (0, 5), (0, 7), (1, 1), (1, 2), (1, 4), (1, 5), (2, 2), (2, 3), (2, 4), (3, 1), (3, 2), (3, 3), (3, 4), (3, 5), (3, 6), (3, 7), (4, 1), (4, 3), (4, 4), (4, 5), (4, 6), (5, 0), (5, 1), (5, 3), (5, 4), (5, 5), (5, 6), (5, 7), (6, 0), (6, 1), (6, 2), (6, 3), (6, 4), (6, 5), (6, 6), (6, 7), (7, 2), (7, 3), (7, 4), (7, 5)]"
4,175.2290976047516,1.0424013137817385,0.8206436634063721,43,64,64,0.9,"[(0, 7), (1, 1), (1, 2), (1, 6), (1, 7), (2, 3), (2, 4), (2, 5), (2, 6), (2, 7), (3, 0), (3, 1), (3, 3), (3, 4), (3, 5), (3, 6), (3, 7), (4, 2), (4, 3), (4, 4), (4, 5), (4, 6), (5, 0), (5, 1), (5, 2), (5, 3), (5, 4), (5, 5), (5, 6), (5, 7), (6, 1), (6, 2), (6, 3), (6, 4), (6, 5), (6, 6), (7, 0), (7, 1), (7, 2), (7, 3), (7, 4), (7, 5), (7, 6)]","[(0, 0), (0, 1), (0, 2), (0, 3), (0, 4), (0, 5), (0, 6), (0, 7), (1, 0), (1, 1), (1, 2), (1, 3), (1, 4), (1, 5), (1, 6), (1, 7), (2, 0), (2, 1), (2, 2), (2, 3), (2, 4), (2, 5), (2, 6), (2, 7), (3, 0), (3, 1), (3, 2), (3, 3), (3, 4), (3, 5), (3, 6), (3, 7), (4, 0), (4, 1), (4, 2), (4, 3), (4, 4), (4, 5), (4, 6), (4, 7), (5, 0), (5, 1), (5, 2), (5, 3), (5, 4), (5, 5), (5, 6), (5, 7), (6, 0), (6, 1), (6, 2), (6, 3), (6, 4), (6, 5), (6, 6), (6, 7), (7, 0), (7, 1), (7, 2), (7, 3), (7, 4), (7, 5), (7, 6), (7, 7)]","[(0, 0), (0, 1), (0, 2), (0, 3), (0, 4), (0, 5), (0, 6), (0, 7), (1, 0), (1, 1), (1, 2), (1, 3), (1, 4), (1, 5), (1, 6), (1, 7), (2, 0), (2, 1), (2, 2), (2, 3), (2, 4), (2, 5), (2, 6), (2, 7), (3, 0), (3, 1), (3, 2), (3, 3), (3, 4), (3, 5), (3, 6), (3, 7), (4, 0), (4, 1), (4, 2), (4, 3), (4, 4), (4, 5), (4, 6), (4, 7), (5, 0), (5, 1), (5, 2), (5, 3), (5, 4), (5, 5), (5, 6), (5, 7), (6, 0), (6, 1), (6, 2), (6, 3), (6, 4), (6, 5), (6, 6), (6, 7), (7, 0), (7, 1), (7, 2), (7, 3), (7, 4), (7, 5), (7, 6), (7, 7)]"
5,35.18708324432373,1.0153512954711914,0.9880387783050536,47,35,35,0.9,"[(0, 3), (0, 4), (0, 5), (0, 6), (1, 2), (1, 4), (1, 5), (2, 0), (2, 3), (2, 4), (2, 5), (2, 6), (3, 0), (3, 1), (3, 2), (3, 3), (3, 4), (3, 5), (3, 6), (3, 7), (4, 1), (4, 2), (4, 3), (4, 4), (4, 6), (5, 0), (5, 1), (5, 2), (5, 3), (5, 4), (5, 5), (5, 6), (5, 7), (6, 0), (6, 1), (6, 2), (6, 3), (6, 4), (6, 5), (6, 6), (7, 0), (7, 1), (7, 2), (7, 3), (7, 4), (7, 5), (7, 7)]","[(0, 3), (0, 4), (1, 0), (1, 3), (1, 4), (1, 5), (2, 4), (2, 5), (3, 1), (3, 2), (3, 3), (3, 4), (3, 5), (3, 6), (4, 2), (4, 3), (4, 4), (4, 5), (4, 6), (5, 3), (5, 4), (5, 5), (5, 6), (5, 7), (6, 0), (6, 2), (6, 3), (6, 4), (6, 5), (7, 0), (7, 1), (7, 3), (7, 5), (7, 6), (7, 7)]","[(0, 3), (0, 4), (1, 0), (1, 3), (1, 4), (1, 5), (2, 4), (2, 5), (3, 1), (3, 2), (3, 3), (3, 4), (3, 5), (3, 6), (4, 2), (4, 3), (4, 4), (4, 5), (4, 6), (5, 3), (5, 4), (5, 5), (5, 6), (5, 7), (6, 0), (6, 2), (6, 3), (6, 4), (6, 5), (7, 0), (7, 1), (7, 3), (7, 5), (7, 6), (7, 7)]"
6,87.22941827774048,1.0670700073242188,1.088456392288208,44,26,27,0.9,"[(0, 4), (0, 6), (0, 7), (1, 1), (1, 4), (1, 5), (1, 6), (1, 7), (2, 1), (2, 2), (2, 3), (2, 4), (2, 5), (2, 7), (3, 1), (3, 2), (3, 3), (3, 4), (3, 5), (3, 6), (4, 1), (4, 2), (4, 3), (4, 4), (4, 5), (4, 6), (5, 1), (5, 2), (5, 3), (5, 4), (5, 5), (5, 7), (6, 0), (6, 2), (6, 4), (6, 5), (6, 6), (6, 7), (7, 0), (7, 1), (7, 2), (7, 4), (7, 6), (7, 7)]","[(3, 1), (3, 2), (3, 4), (3, 5), (3, 6), (4, 1), (4, 2), (4, 4), (4, 5), (4, 6), (5, 1), (5, 2), (5, 3), (5, 4), (5, 7), (6, 0), (6, 2), (6, 3), (6, 4), (6, 5), (6, 6), (7, 0), (7, 1), (7, 4), (7, 5), (7, 6)]","[(3, 1), (3, 2), (3, 4), (3, 5), (3, 6), (4, 1), (4, 2), (4, 4), (4, 5), (4, 6), (5, 1), (5, 2), (5, 3), (5, 4), (5, 7), (6, 0), (6, 2), (6, 3), (6, 4), (6, 5), (6, 6), (7, 0), (7, 1), (7, 2), (7, 4), (7, 5), (7, 6)]"
7,68.84725832939148,1.0550503730773926,0.9660115242004396,46,31,30,0.9,"[(0, 3), (0, 4), (0, 6), (1, 1), (1, 2), (1, 3), (1, 4), (1, 5), (1, 7), (2, 2), (2, 3), (2, 4), (2, 5), (2, 6), (3, 0), (3, 1), (3, 2), (3, 3), (3, 4), (3, 5), (3, 6), (3, 7), (4, 1), (4, 2), (4, 4), (4, 5), (4, 6), (5, 2), (5, 3), (5, 4), (5, 6), (5, 7), (6, 0), (6, 2), (6, 3), (6, 4), (6, 5), (6, 6), (7, 0), (7, 1), (7, 2), (7, 3), (7, 4), (7, 5), (7, 6), (7, 7)]","[(2, 3), (2, 7), (3, 0), (3, 1), (3, 2), (3, 3), (3, 4), (3, 5), (3, 6), (3, 7), (4, 1), (4, 2), (4, 3), (4, 4), (4, 5), (5, 2), (5, 3), (5, 4), (5, 5), (5, 7), (6, 0), (6, 3), (6, 4), (6, 5), (6, 6), (7, 0), (7, 1), (7, 3), (7, 4), (7, 5), (7, 6)]","[(2, 3), (2, 6), (3, 0), (3, 1), (3, 2), (3, 3), (3, 4), (3, 5), (3, 6), (3, 7), (4, 1), (4, 2), (4, 3), (4, 4), (4, 5), (5, 2), (5, 3), (5, 4), (5, 5), (5, 7), (6, 0), (6, 3), (6, 4), (6, 5), (6, 6), (7, 0), (7, 1), (7, 4), (7, 5), (7, 6)]"
8,88.12907218933105,1.046856164932251,0.9615895748138428,45,33,33,0.9,"[(0, 5), (0, 6), (0, 7), (1, 1), (1, 2), (1, 3), (1, 4), (1, 5), (2, 0), (2, 1), (2, 2), (2, 3), (2, 4), (2, 5), (3, 0), (3, 1), (3, 2), (3, 3), (3, 4), (3, 5), (3, 6), (3, 7), (4, 2), (4, 3), (4, 4), (4, 5), (4, 6), (5, 0), (5, 1), (5, 3), (5, 5), (5, 6), (6, 1), (6, 2), (6, 3), (6, 4), (6, 5), (6, 6), (6, 7), (7, 2), (7, 3), (7, 4), (7, 5), (7, 6), (7, 7)]","[(1, 1), (1, 3), (1, 4), (2, 1), (2, 3), (2, 4), (2, 5), (3, 0), (3, 1), (3, 2), (3, 3), (3, 5), (3, 6), (3, 7), (4, 3), (4, 4), (4, 5), (5, 0), (5, 3), (5, 5), (6, 1), (6, 2), (6, 3), (6, 4), (6, 5), (6, 6), (6, 7), (7, 2), (7, 3), (7, 4), (7, 5), (7, 6), (7, 7)]","[(1, 1), (1, 3), (1, 4), (2, 1), (2, 3), (2, 4), (2, 5), (3, 0), (3, 1), (3, 2), (3, 3), (3, 5), (3, 6), (3, 7), (4, 3), (4, 4), (4, 5), (5, 0), (5, 3), (5, 5), (6, 1), (6, 2), (6, 3), (6, 4), (6, 5), (6, 6), (6, 7), (7, 2), (7, 3), (7, 4), (7, 5), (7, 6), (7, 7)]"
9,17.20122241973877,0.9224898815155028,0.9916493892669678,49,32,32,0.9,"[(0, 3), (0, 4), (0, 5), (0, 6), (0, 7), (1, 2), (1, 5), (2, 0), (2, 2), (2, 3), (2, 4), (2, 5), (2, 6), (2, 7), (3, 0), (3, 1), (3, 2), (3, 3), (3, 5), (3, 6), (3, 7), (4, 1), (4, 2), (4, 3), (4, 4), (4, 5), (4, 6), (5, 0), (5, 1), (5, 2), (5, 3), (5, 4), (5, 5), (5, 6), (5, 7), (6, 0), (6, 1), (6, 2), (6, 3), (6, 4), (6, 5), (6, 7), (7, 0), (7, 1), (7, 2), (7, 3), (7, 4), (7, 6), (7, 7)]","[(0, 3), (0, 6), (1, 3), (1, 4), (1, 5), (2, 2), (2, 3), (2, 4), (2, 6), (3, 3), (3, 5), (3, 6), (4, 1), (4, 2), (4, 3), (4, 4), (4, 6), (5, 0), (5, 1), (5, 2), (5, 3), (5, 4), (5, 5), (6, 0), (6, 2), (6, 3), (6, 4), (6, 5), (7, 2), (7, 3), (7, 4), (7, 5)]","[(0, 3), (0, 6), (1, 3), (1, 4), (1, 5), (2, 2), (2, 3), (2, 4), (2, 6), (3, 3), (3, 5), (3, 6), (4, 1), (4, 2), (4, 3), (4, 4), (4, 6), (5, 0), (5, 1), (5, 2), (5, 3), (5, 4), (5, 5), (6, 0), (6, 2), (6, 3), (6, 4), (6, 5), (7, 2), (7, 3), (7, 4), (7, 5)]"
0,24.47466492652893,1.0401551723480225,0.9154798984527588,47,33,33,1.0,"[(0, 5), (0, 7), (1, 0), (1, 3), (1, 4), (1, 7), (2, 0), (2, 1), (2, 2), (2, 3), (2, 4), (2, 5), (2, 6), (2, 7), (3, 1), (3, 2), (3, 3), (3, 4), (3, 5), (3, 6), (3, 7), (4, 1), (4, 2), (4, 3), (4, 4), (4, 5), (4, 6), (5, 0), (5, 1), (5, 2), (5, 3), (5, 4), (5, 5), (5, 7), (6, 0), (6, 1), (6, 3), (6, 4), (6, 5), (6, 7), (7, 0), (7, 2), (7, 3), (7, 4), (7, 5), (7, 6), (7, 7)]","[(0, 5), (0, 7), (1, 3), (1, 4), (1, 5), (2, 2), (2, 3), (2, 4), (2, 5), (3, 1), (3, 2), (3, 3), (3, 5), (3, 6), (3, 7), (4, 3), (4, 4), (4, 5), (4, 6), (5, 0), (5, 2), (5, 4), (5, 5), (6, 1), (6, 2), (6, 3), (6, 4), (6, 5), (6, 7), (7, 2), (7, 3), (7, 4), (7, 5)]","[(0, 5), (0, 7), (1, 3), (1, 4), (1, 5), (2, 2), (2, 3), (2, 4), (2, 5), (3, 1), (3, 2), (3, 3), (3, 5), (3, 6), (3, 7), (4, 3), (4, 4), (4, 5), (4, 6), (5, 0), (5, 2), (5, 4), (5, 5), (6, 1), (6, 2), (6, 3), (6, 4), (6, 5), (6, 7), (7, 2), (7, 3), (7, 4), (7, 5)]"
1,42.15596914291382,0.7488150596618652,0.693084716796875,48,64,64,1.0,"[(0, 4), (0, 5), (0, 6), (1, 2), (1, 3), (1, 4), (1, 5), (1, 6), (2, 0), (2, 1), (2, 2), (2, 3), (2, 5), (2, 6), (3, 0), (3, 1), (3, 2), (3, 3), (3, 5), (3, 6), (3, 7), (4, 1), (4, 2), (4, 3), (4, 4), (4, 5), (4, 6), (5, 0), (5, 1), (5, 2), (5, 3), (5, 4), (5, 5), (5, 6), (5, 7), (6, 0), (6, 2), (6, 3), (6, 4), (6, 5), (6, 6), (7, 0), (7, 1), (7, 2), (7, 3), (7, 5), (7, 6), (7, 7)]","[(0, 0), (0, 1), (0, 2), (0, 3), (0, 4), (0, 5), (0, 6), (0, 7), (1, 0), (1, 1), (1, 2), (1, 3), (1, 4), (1, 5), (1, 6), (1, 7), (2, 0), (2, 1), (2, 2), (2, 3), (2, 4), (2, 5), (2, 6), (2, 7), (3, 0), (3, 1), (3, 2), (3, 3), (3, 4), (3, 5), (3, 6), (3, 7), (4, 0), (4, 1), (4, 2), (4, 3), (4, 4), (4, 5), (4, 6), (4, 7), (5, 0), (5, 1), (5, 2), (5, 3), (5, 4), (5, 5), (5, 6), (5, 7), (6, 0), (6, 1), (6, 2), (6, 3), (6, 4), (6, 5), (6, 6), (6, 7), (7, 0), (7, 1), (7, 2), (7, 3), (7, 4), (7, 5), (7, 6), (7, 7)]","[(0, 0), (0, 1), (0, 2), (0, 3), (0, 4), (0, 5), (0, 6), (0, 7), (1, 0), (1, 1), (1, 2), (1, 3), (1, 4), (1, 5), (1, 6), (1, 7), (2, 0), (2, 1), (2, 2), (2, 3), (2, 4), (2, 5), (2, 6), (2, 7), (3, 0), (3, 1), (3, 2), (3, 3), (3, 4), (3, 5), (3, 6), (3, 7), (4, 0), (4, 1), (4, 2), (4, 3), (4, 4), (4, 5), (4, 6), (4, 7), (5, 0), (5, 1), (5, 2), (5, 3), (5, 4), (5, 5), (5, 6), (5, 7), (6, 0), (6, 1), (6, 2), (6, 3), (6, 4), (6, 5), (6, 6), (6, 7), (7, 0), (7, 1), (7, 2), (7, 3), (7, 4), (7, 5), (7, 6), (7, 7)]"
2,72.141197681427,1.010308027267456,1.0394423007965088,42,26,26,1.0,"[(1, 1), (1, 2), (1, 5), (1, 6), (1, 7), (2, 2), (2, 3), (2, 4), (2, 5), (2, 7), (3, 0), (3, 1), (3, 2), (3, 3), (3, 4), (3, 5), (3, 6), (4, 2), (4, 3), (4, 4), (4, 5), (4, 6), (5, 1), (5, 2), (5, 3), (5, 4), (5, 5), (5, 6), (5, 7), (6, 0), (6, 1), (6, 2), (6, 3), (6, 4), (6, 5), (7, 0), (7, 1), (7, 2), (7, 3), (7, 4), (7, 5), (7, 6)]","[(2, 1), (2, 2), (2, 3), (2, 4), (2, 5), (3, 0), (3, 1), (3, 2), (3, 5), (4, 2), (4, 3), (4, 4), (5, 0), (5, 1), (5, 2), (5, 3), (5, 4), (5, 5), (6, 2), (6, 3), (6, 4), (6, 5), (7, 2), (7, 3), (7, 4), (7, 5)]","[(2, 1), (2, 2), (2, 3), (2, 4), (2, 5), (3, 0), (3, 1), (3, 2), (3, 5), (4, 2), (4, 3), (4, 4), (5, 0), (5, 1), (5, 2), (5, 3), (5, 4), (5, 5), (6, 2), (6, 3), (6, 4), (6, 5), (7, 2), (7, 3), (7, 4), (7, 5)]"
3,74.45034885406494,1.0406854152679443,0.967536449432373,47,42,42,1.0,"[(0, 5), (0, 7), (1, 0), (1, 1), (1, 2), (1, 4), (1, 7), (2, 0), (2, 1), (2, 2), (2, 3), (2, 5), (2, 6), (2, 7), (3, 1), (3, 2), (3, 3), (3, 4), (3, 5), (3, 6), (3, 7), (4, 1), (4, 2), (4, 3), (4, 4), (4, 5), (4, 6), (5, 0), (5, 1), (5, 2), (5, 3), (5, 4), (5, 5), (5, 6), (5, 7), (6, 1), (6, 2), (6, 3), (6, 4), (6, 5), (6, 6), (6, 7), (7, 2), (7, 3), (7, 5), (7, 6), (7, 7)]","[(0, 3), (0, 4), (0, 5), (0, 7), (1, 1), (1, 2), (1, 4), (1, 5), (2, 2), (2, 3), (2, 4), (3, 1), (3, 2), (3, 3), (3, 4), (3, 5), (3, 6), (3, 7), (4, 1), (4, 3), (4, 4), (4, 5), (4, 6), (5, 0), (5, 1), (5, 3), (5, 4), (5, 5), (5, 6), (5, 7), (6, 0), (6, 1), (6, 2), (6, 3), (6, 4), (6, 5), (6, 6), (6, 7), (7, 2), (7, 3), (7, 4), (7, 5)]","[(0, 3), (0, 4), (0, 5), (0, 7), (1, 1), (1, 2), (1, 4), (1, 5), (2, 2), (2, 3), (2, 4), (3, 1), (3, 2), (3, 3), (3, 4), (3, 5), (3, 6), (3, 7), (4, 1), (4, 3), (4, 4), (4, 5), (4, 6), (5, 0), (5, 1), (5, 3), (5, 4), (5, 5), (5, 6), (5, 7), (6, 0), (6, 1), (6, 2), (6, 3), (6, 4), (6, 5), (6, 6), (6, 7), (7, 2), (7, 3), (7, 4), (7, 5)]"
4,163.8478581905365,0.7008852958679199,0.7315151691436768,43,64,64,1.0,"[(0, 7), (1, 1), (1, 2), (1, 6), (1, 7), (2, 3), (2, 4), (2, 5), (2, 6), (2, 7), (3, 0), (3, 1), (3, 3), (3, 4), (3, 5), (3, 6), (3, 7), (4, 2), (4, 3), (4, 4), (4, 5), (4, 6), (5, 0), (5, 1), (5, 2), (5, 3), (5, 4), (5, 5), (5, 6), (5, 7), (6, 1), (6, 2), (6, 3), (6, 4), (6, 5), (6, 6), (7, 0), (7, 1), (7, 2), (7, 3), (7, 4), (7, 5), (7, 6)]","[(0, 0), (0, 1), (0, 2), (0, 3), (0, 4), (0, 5), (0, 6), (0, 7), (1, 0), (1, 1), (1, 2), (1, 3), (1, 4), (1, 5), (1, 6), (1, 7), (2, 0), (2, 1), (2, 2), (2, 3), (2, 4), (2, 5), (2, 6), (2, 7), (3, 0), (3, 1), (3, 2), (3, 3), (3, 4), (3, 5), (3, 6), (3, 7), (4, 0), (4, 1), (4, 2), (4, 3), (4, 4), (4, 5), (4, 6), (4, 7), (5, 0), (5, 1), (5, 2), (5, 3), (5, 4), (5, 5), (5, 6), (5, 7), (6, 0), (6, 1), (6, 2), (6, 3), (6, 4), (6, 5), (6, 6), (6, 7), (7, 0), (7, 1), (7, 2), (7, 3), (7, 4), (7, 5), (7, 6), (7, 7)]","[(0, 0), (0, 1), (0, 2), (0, 3), (0, 4), (0, 5), (0, 6), (0, 7), (1, 0), (1, 1), (1, 2), (1, 3), (1, 4), (1, 5), (1, 6), (1, 7), (2, 0), (2, 1), (2, 2), (2, 3), (2, 4), (2, 5), (2, 6), (2, 7), (3, 0), (3, 1), (3, 2), (3, 3), (3, 4), (3, 5), (3, 6), (3, 7), (4, 0), (4, 1), (4, 2), (4, 3), (4, 4), (4, 5), (4, 6), (4, 7), (5, 0), (5, 1), (5, 2), (5, 3), (5, 4), (5, 5), (5, 6), (5, 7), (6, 0), (6, 1), (6, 2), (6, 3), (6, 4), (6, 5), (6, 6), (6, 7), (7, 0), (7, 1), (7, 2), (7, 3), (7, 4), (7, 5), (7, 6), (7, 7)]"
5,35.94316482543945,0.9355175495147704,0.9419996738433838,47,35,35,1.0,"[(0, 3), (0, 4), (0, 5), (0, 6), (1, 2), (1, 4), (1, 5), (2, 0), (2, 3), (2, 4), (2, 5), (2, 6), (3, 0), (3, 1), (3, 2), (3, 3), (3, 4), (3, 5), (3, 6), (3, 7), (4, 1), (4, 2), (4, 3), (4, 4), (4, 6), (5, 0), (5, 1), (5, 2), (5, 3), (5, 4), (5, 5), (5, 6), (5, 7), (6, 0), (6, 1), (6, 2), (6, 3), (6, 4), (6, 5), (6, 6), (7, 0), (7, 1), (7, 2), (7, 3), (7, 4), (7, 5), (7, 7)]","[(0, 3), (0, 4), (1, 0), (1, 3), (1, 4), (1, 5), (2, 4), (2, 5), (3, 1), (3, 2), (3, 3), (3, 4), (3, 5), (3, 6), (4, 2), (4, 3), (4, 4), (4, 5), (4, 6), (5, 3), (5, 4), (5, 5), (5, 6), (5, 7), (6, 0), (6, 2), (6, 3), (6, 4), (6, 5), (7, 0), (7, 1), (7, 3), (7, 5), (7, 6), (7, 7)]","[(0, 3), (0, 4), (1, 0), (1, 3), (1, 4), (1, 5), (2, 4), (2, 5), (3, 1), (3, 2), (3, 3), (3, 4), (3, 5), (3, 6), (4, 2), (4, 3), (4, 4), (4, 5), (4, 6), (5, 3), (5, 4), (5, 5), (5, 6), (5, 7), (6, 0), (6, 2), (6, 3), (6, 4), (6, 5), (7, 0), (7, 1), (7, 3), (7, 5), (7, 6), (7, 7)]"
6,86.99580407142639,1.0264477729797363,1.7356586456298828,44,27,27,1.0,"[(0, 4), (0, 6), (0, 7), (1, 1), (1, 4), (1, 5), (1, 6), (1, 7), (2, 1), (2, 2), (2, 3), (2, 4), (2, 5), (2, 7), (3, 1), (3, 2), (3, 3), (3, 4), (3, 5), (3, 6), (4, 1), (4, 2), (4, 3), (4, 4), (4, 5), (4, 6), (5, 1), (5, 2), (5, 3), (5, 4), (5, 5), (5, 7), (6, 0), (6, 2), (6, 4), (6, 5), (6, 6), (6, 7), (7, 0), (7, 1), (7, 2), (7, 4), (7, 6), (7, 7)]","[(3, 1), (3, 2), (3, 4), (3, 5), (3, 6), (4, 1), (4, 2), (4, 4), (4, 5), (4, 6), (5, 1), (5, 2), (5, 3), (5, 4), (5, 7), (6, 0), (6, 2), (6, 3), (6, 4), (6, 5), (6, 6), (7, 0), (7, 1), (7, 2), (7, 4), (7, 5), (7, 6)]","[(3, 1), (3, 2), (3, 4), (3, 5), (3, 6), (4, 1), (4, 2), (4, 4), (4, 5), (4, 6), (5, 1), (5, 2), (5, 3), (5, 4), (5, 7), (6, 0), (6, 2), (6, 3), (6, 4), (6, 5), (6, 6), (7, 0), (7, 1), (7, 2), (7, 4), (7, 5), (7, 6)]"
7,68.2842104434967,0.8683276176452637,0.9162662029266356,46,30,30,1.0,"[(0, 3), (0, 4), (0, 6), (1, 1), (1, 2), (1, 3), (1, 4), (1, 5), (1, 7), (2, 2), (2, 3), (2, 4), (2, 5), (2, 6), (3, 0), (3, 1), (3, 2), (3, 3), (3, 4), (3, 5), (3, 6), (3, 7), (4, 1), (4, 2), (4, 4), (4, 5), (4, 6), (5, 2), (5, 3), (5, 4), (5, 6), (5, 7), (6, 0), (6, 2), (6, 3), (6, 4), (6, 5), (6, 6), (7, 0), (7, 1), (7, 2), (7, 3), (7, 4), (7, 5), (7, 6), (7, 7)]","[(2, 3), (2, 6), (3, 0), (3, 1), (3, 2), (3, 3), (3, 4), (3, 5), (3, 6), (3, 7), (4, 1), (4, 2), (4, 3), (4, 4), (4, 5), (5, 2), (5, 3), (5, 4), (5, 5), (5, 7), (6, 0), (6, 3), (6, 4), (6, 5), (6, 6), (7, 0), (7, 1), (7, 4), (7, 5), (7, 6)]","[(2, 3), (2, 6), (3, 0), (3, 1), (3, 2), (3, 3), (3, 4), (3, 5), (3, 6), (3, 7), (4, 1), (4, 2), (4, 3), (4, 4), (4, 5), (5, 2), (5, 3), (5, 4), (5, 5), (5, 7), (6, 0), (6, 3), (6, 4), (6, 5), (6, 6), (7, 0), (7, 1), (7, 4), (7, 5), (7, 6)]"
8,87.77383661270142,1.0455689430236816,1.1155359745025637,45,33,33,1.0,"[(0, 5), (0, 6), (0, 7), (1, 1), (1, 2), (1, 3), (1, 4), (1, 5), (2, 0), (2, 1), (2, 2), (2, 3), (2, 4), (2, 5), (3, 0), (3, 1), (3, 2), (3, 3), (3, 4), (3, 5), (3, 6), (3, 7), (4, 2), (4, 3), (4, 4), (4, 5), (4, 6), (5, 0), (5, 1), (5, 3), (5, 5), (5, 6), (6, 1), (6, 2), (6, 3), (6, 4), (6, 5), (6, 6), (6, 7), (7, 2), (7, 3), (7, 4), (7, 5), (7, 6), (7, 7)]","[(1, 1), (1, 3), (1, 4), (2, 1), (2, 3), (2, 4), (2, 5), (3, 0), (3, 1), (3, 2), (3, 3), (3, 5), (3, 6), (3, 7), (4, 3), (4, 4), (4, 5), (5, 0), (5, 3), (5, 5), (6, 1), (6, 2), (6, 3), (6, 4), (6, 5), (6, 6), (6, 7), (7, 2), (7, 3), (7, 4), (7, 5), (7, 6), (7, 7)]","[(1, 1), (1, 3), (1, 4), (2, 1), (2, 3), (2, 4), (2, 5), (3, 0), (3, 1), (3, 2), (3, 3), (3, 5), (3, 6), (3, 7), (4, 3), (4, 4), (4, 5), (5, 0), (5, 3), (5, 5), (6, 1), (6, 2), (6, 3), (6, 4), (6, 5), (6, 6), (6, 7), (7, 2), (7, 3), (7, 4), (7, 5), (7, 6), (7, 7)]"
9,18.08769154548645,0.9689147472381592,0.9279458522796631,49,32,32,1.0,"[(0, 3), (0, 4), (0, 5), (0, 6), (0, 7), (1, 2), (1, 5), (2, 0), (2, 2), (2, 3), (2, 4), (2, 5), (2, 6), (2, 7), (3, 0), (3, 1), (3, 2), (3, 3), (3, 5), (3, 6), (3, 7), (4, 1), (4, 2), (4, 3), (4, 4), (4, 5), (4, 6), (5, 0), (5, 1), (5, 2), (5, 3), (5, 4), (5, 5), (5, 6), (5, 7), (6, 0), (6, 1), (6, 2), (6, 3), (6, 4), (6, 5), (6, 7), (7, 0), (7, 1), (7, 2), (7, 3), (7, 4), (7, 6), (7, 7)]","[(0, 3), (0, 6), (1, 3), (1, 4), (1, 5), (2, 2), (2, 3), (2, 4), (2, 6), (3, 3), (3, 5), (3, 6), (4, 1), (4, 2), (4, 3), (4, 4), (4, 6), (5, 0), (5, 1), (5, 2), (5, 3), (5, 4), (5, 5), (6, 0), (6, 2), (6, 3), (6, 4), (6, 5), (7, 2), (7, 3), (7, 4), (7, 5)]","[(0, 3), (0, 6), (1, 3), (1, 4), (1, 5), (2, 2), (2, 3), (2, 4), (2, 6), (3, 3), (3, 5), (3, 6), (4, 1), (4, 2), (4, 3), (4, 4), (4, 6), (5, 0), (5, 1), (5, 2), (5, 3), (5, 4), (5, 5), (6, 0), (6, 2), (6, 3), (6, 4), (6, 5), (7, 2), (7, 3), (7, 4), (7, 5)]"
